name	life	power	wisdom	accuracy	evasion	defense	gutsRecovery	moveSpeed	growthType	goodEvil	size	砂漠	森林	海岸	雪山	火山	遠	中	近	零	capturedAt
ディノ	5	10	-5	10	0	0	D	D	ふつう	ふつう	ふつう	E	D	E	D	D	F	E	C	E	2026-09-28
カッチュウサウル	10	5	0	10	-5	0	D	D	晩成	ややヨイ	ふつう	D	D	E	D	E	F	F	D	C	2026-09-28
アロハノサウルス	15	0	0	10	0	-5	C	D	早熟	ややヨイ	ふつう	D	B	F	D	E	D	E	D	D	2026-09-28
メテオライト	5	5	0	10	0	0	D	D	晩成	ワル	ふつう	F	C	C	F	C	B	D	D	E	2026-09-28
ベビードラゴン	-5	20	0	10	-5	0	E	D	早熟	ワル	ふつう	C	C	F	E	B	C	C	C	E	2026-09-28
クラブディノ	5	5	0	0	0	10	E	C	ふつう	ふつう	ふつう	G	D	C	D	D	G	D	C	E	2026-09-28
ブラックディノ	0	10	-5	5	-5	15	E	E	ふつう	ややワル	ふつう	E	D	E	E	B	E	F	C	C	2026-09-28
ディノテクノ	5	5	0	10	5	-5	D	D	ふつう	ヨイ	ふつう	B	C	F	E	C	B	C	D	D	2026-09-28
ティラノパープル	5	0	0	10	5	0	C	D	早熟	ワル	ふつう	C	C	G	D	B	C	D	D	C	2026-09-28
ルドルファス	5	10	-5	10	0	0	C	C	早熟	ヨイ	ふつう	C	C	F	C	E	C	C	D	D	2026-09-28
マミーレックス	10	15	-5	5	0	-5	C	D	早熟	ややヨイ	ふつう	C	D	D	F	C	D	D	D	B	2026-09-30
