blood	range	rank	name	aura	skillType	guts	moveTo	damage	accuracy	gutsDown	critical	ability1	ability1Unlock	ability2	ability2Unlock	ability3	ability3Unlock	ability4	ability4Unlock	ability5	ability5Unlock	unique	owners	unlockedBy	note	skillId	version
グジラ	中	1	突進	無	ちから	22	零	C+	D	G	C	丈夫さ上昇[大]												グジコーン:2,グジラ:2			
グジラ	近	1	ひっかき	無	ちから	18		E	D	E	G													ピンクグジラ:2			
グジラ	零	1	はら	無	ちから	15		C	D+	G	G	ライフ上昇[中]												グジラウス:2			
グジラ	遠	2	地震	赤	ちから	25		C+	A	G	G	ちから上昇[小]												ピンクグジラ:3,オカシラ:3			
グジラ	中	2	しゃぼんアタック	青	かしこさ	28		D	C+	A	D	かしこさ上昇[小]		疫：移動不可Lv2										グジラキング:3			
グジラ	近	2	くしゃみ	青	かしこさ	22		E	C	B	D	ライフ上昇[大]		くしゃみ										コイノボリ:3,グジラ:3			
グジラ	零	2	頭突き	無	ちから	24		D+	B	F	D	丈夫さ上昇[大]												レッドアーマー:3,グジコーン:3			
グジラ	遠	3	ぐるぐるプレス	黒	ちから	30		A	E	G	D+	連撃：ぐるぐるプレス		ぐるぐるプレス										グジラウス:4,オカシラ:4			
グジラ	中	3	突進つきあげ	無	ちから	34	零	B	B	G	A	連撃：突進つきあげ		捕捉：突進つきあげ										レッドアーマー:4			
グジラ	近	3	しっぽビンタ	無	ちから	29		B	A	F	C	ライフ上昇[超大]		アイボルテージ		クイックボルテージ								ピンクグジラ:4,グジラキング:4			
グジラ	零	3	ボディープレス	白	ちから	35		S	E	E	C	ライフ上昇[大]		ボディープレス										コイノボリ:4			
グジラ	遠	4	大津波	青	かしこさ	36		A	B+	C	D	海の怒り		連撃：大津波										コイノボリ:5			
グジラ	近	4	ウェーブプレス	青	ちから	46		B+	B	C	A	連撃：ウェーブプレス		ウェーブプレス		ライフ上昇[中]	オカシラ:6	フィールドブースト	オカシラ:10					オカシラ:5			
グジラ	零	4	つきあげ	黄	ちから	40		B+	C	F	B	連撃：つきあげ		つきあげ		命中上昇[中]	グジラウス:6	ガードディクリーズ	グジラウス:10					グジラウス:5			
グジラ	遠	5	キングウェーブ	黒	かしこさ	40		S	S	B	A	波流：キングウェーブ		渦流：キングウェーブ		テクニックレイズ	グジラキング:6	テクニックオーバー	グジラキング:10					グジラキング:5			
